file	#_reads_raw	#_reads_fp1	#_reads_clmp	#_reads_fp2	#_reads_fqscrn	#_reads_repr	%_readsRemaining_fp1	%_readsRemaining_clmp	%_readsRemaining_fp2	%_readsRemaining_fqscrn	%_readsRemaining_repr	%_total_readsRemaining
	150259428	123905655	104722490	100455965	97813115	82.4612	84.5179	95.9259	97.3691	8.43049e-05	5.48792e-05
	150259428	123905655	104722490	100543458	97813115	82.4612	84.5179	96.0094	97.2844	8.43049e-05	5.48792e-05
	128484354	107387770	87598564	83653910	81419340	83.5804	81.5722	95.4969	97.3288	0.000102654	6.5051e-05
	128484354	107387770	87598564	83694663	81419340	83.5804	81.5722	95.5434	97.2814	0.000102654	6.5051e-05
	251052542	198197300	168170746	161300748	156839164	78.9465	84.8502	95.9149	97.234	5.0336e-05	3.14462e-05
	251052542	198197300	168170746	161273177	156839164	78.9465	84.8502	95.8985	97.2506	5.0336e-05	3.14462e-05
