file 	#reads_raw	#reads_fp1	#reads_clmp	#reads_fp2	#reads_fqscrn	#reads_repr	%_readLoss_fp1	%_readLoss_clmp	%_readLoss_fp2	%_readLoss_fqscrn	%_readLoss_repr	%_total_readLoss
	150259428	123905655	104722490	100455965	97813115	17.5388	15.4821	4.07412	2.63085	100	100
	150259428	123905655	104722490	100543458	97813115	17.5388	15.4821	3.99058	2.71558	100	100
	128484354	107387770	87598564	83653910	81419340	16.4196	18.4278	4.5031	2.67121	100	100
	128484354	107387770	87598564	83694663	81419340	16.4196	18.4278	4.45658	2.7186	100	100
	251052542	198197300	168170746	161300748	156839164	21.0535	15.1498	4.08513	2.766	100	100
	251052542	198197300	168170746	161273177	156839164	21.0535	15.1498	4.10153	2.74938	100	100
