file 	#reads_raw	#reads_fp1	#reads_clmp	#reads_fp2	#reads_fqscrn	#reads_repr	%_readLoss_fp1	%_readLoss_clmp	%_readLoss_fp2	%_readLoss_fqscrn	%_readLoss_repr	%_total_readLoss
Sin-CPnd_001_Ex1-1G_L4_1.fq.gz	173454851	170729908	101304488	88766906	84497749	81597051	1.57098	40.6639	12.3761	4.8094	3.43287	52.9578
Sin-CPnd_001_Ex1-1G_L4_2.fq.gz	173454851	170729908	101304488	88766906	84649868	81597051	1.57098	40.6639	12.3761	4.63803	3.6064	52.9578
Sin-CPnd_001_Ex1-2F_L4_1.fq.gz	164522638	162126273	104976249	90536559	86421562	83667288	1.45656	35.2503	13.7552	4.54512	3.18702	49.1454
Sin-CPnd_001_Ex1-2F_L4_2.fq.gz	164522638	162126273	104976249	90536559	86546403	83667288	1.45656	35.2503	13.7552	4.40723	3.32667	49.1454
Sin-CPnd_001_Ex1-3E_L4_1.fq.gz	184096722	181088482	118739243	101520847	96964677	93939410	1.63405	34.4303	14.501	4.48792	3.11997	48.9728
Sin-CPnd_001_Ex1-3E_L4_2.fq.gz	184096722	181088482	118739243	101520847	97054377	93939410	1.63405	34.4303	14.501	4.39956	3.20951	48.9728
