file	#reads_raw	#reads_fp1	#reads_clmp	#reads_fp2	#reads_fqscrn	#reads_repr	%_readLoss_fp1	%_readLoss_clmp	%_readLoss_fp2	%_readLoss_fqscrn	%_readLoss_repr	%_total_readLoss
SfC0281G_CKDL210013395-1a-AK3911-AK845_HF33GDSX2_L4_1.fq.gz	208701252	197422199	162836856	144292733	138098490	133488288	5.4044	17.5185	11.3882	4.29283	3.33834	36.0386
SfC0281G_CKDL210013395-1a-AK3911-AK845_HF33GDSX2_L4_2.fq.gz	208701252	197422199	162836856	144292733	138303841	133488288	5.4044	17.5185	11.3882	4.15052	3.48186	36.0386
SfC0281H_CKDL210013395-1a-5UDI245-GD07_HF33GDSX2_L4_1.fq.gz	170899401	162225984	138626542	120912106	115776919	112090103	5.07516	14.5473	12.7785	4.24704	3.18441	34.4116
SfC0281H_CKDL210013395-1a-5UDI245-GD07_HF33GDSX2_L4_2.fq.gz	170899401	162225984	138626542	120912106	115948609	112090103	5.07516	14.5473	12.7785	4.10505	3.32777	34.4116
SfC0282A_CKDL210013395-1a-AK8593-7UDI304_HF33GDSX2_L4_1.fq.gz	261683170	252105983	203062991	179074641	171423604	165753983	3.65984	19.4533	11.8133	4.27254	3.30737	36.6585
SfC0282A_CKDL210013395-1a-AK8593-7UDI304_HF33GDSX2_L4_2.fq.gz	261683170	252105983	203062991	179074641	171680530	165753983	3.65984	19.4533	11.8133	4.12907	3.45208	36.6585
