file	#reads_raw	#reads_fp1	#reads_clmp	#reads_fp2	#reads_fqscrn	#reads_repr	%_readLoss_fp1	%_readLoss_clmp	%_readLoss_fp2	%_readLoss_fqscrn	%_readLoss_repr	%_total_readLoss
PlC0351D_CKDL210013395-1a-AK9143-7UDI286_HF33GDSX2_L4_1.fq.gz	156039783	148069391	123545991	110941678	104922274	100346622	5.10792	16.5621	10.2021	5.42574	4.36099	35.6916
PlC0351D_CKDL210013395-1a-AK9143-7UDI286_HF33GDSX2_L4_2.fq.gz	156039783	148069391	123545991	110941678	105216022	100346622	5.10792	16.5621	10.2021	5.16096	4.628	35.6916
PlC0351E_CKDL210013395-1a-5UDI225-AK7533_HF33GDSX2_L4_1.fq.gz	220383266	207293113	163373994	144460808	136205699	130030481	5.93972	21.187	11.5766	5.71443	4.53374	40.998
PlC0351E_CKDL210013395-1a-5UDI225-AK7533_HF33GDSX2_L4_2.fq.gz	220383266	207293113	163373994	144460808	136573658	130030481	5.93972	21.187	11.5766	5.45972	4.79095	40.998
PlC0351F_CKDL210013395-1a-AK9144-AK7549_HF33GDSX2_L4_1.fq.gz	268974410	257544923	192406456	170912233	161356372	154135761	4.24928	25.2921	11.1713	5.59109	4.47495	42.695
PlC0351F_CKDL210013395-1a-AK9144-AK7549_HF33GDSX2_L4_2.fq.gz	268974410	257544923	192406456	170912233	161842527	154135761	4.24928	25.2921	11.1713	5.30665	4.76189	42.695
