file 	#reads_raw	#reads_fp1	#reads_clmp	#reads_fp2	#reads_fqscrn	#reads_repr	%_readLoss_fp1	%_readLoss_clmp	%_readLoss_fp2	%_readLoss_fqscrn	%_readLoss_repr	%_total_readLoss
/home/e1garcia/shotgun_PIRE/pire_ssl_data_processing/sphaeramia_nematoptera/fq_raw_shotgun/Sne-CTaw_051_Ex1-3F_L3_1.fq.gz	196174062	192178845	148339220	115104578	108744745	105296198	2.03657	22.8119	22.4045	5.52527	3.17123	46.3251
/home/e1garcia/shotgun_PIRE/pire_ssl_data_processing/sphaeramia_nematoptera/fq_raw_shotgun/Sne-CTaw_051_Ex1-3F_L3_2.fq.gz	196174062	192178845	148339220	115104578	108774564	105296198	2.03657	22.8119	22.4045	5.49936	3.19778	46.3251
/home/e1garcia/shotgun_PIRE/pire_ssl_data_processing/sphaeramia_nematoptera/fq_raw_shotgun/Sne-CTaw_051_Ex1-3G_L3_1.fq.gz	229183420	224822145	173667004	131927553	124704290	121079112	1.90296	22.7536	24.0342	5.47517	2.90702	47.1693
/home/e1garcia/shotgun_PIRE/pire_ssl_data_processing/sphaeramia_nematoptera/fq_raw_shotgun/Sne-CTaw_051_Ex1-3G_L3_2.fq.gz	229183420	224822145	173667004	131927553	124761474	121079112	1.90296	22.7536	24.0342	5.43183	2.95152	47.1693
/home/e1garcia/shotgun_PIRE/pire_ssl_data_processing/sphaeramia_nematoptera/fq_raw_shotgun/Sne-CTaw_051_Ex13H_L3_1.fq.gz	190217239	186185181	143040464	110771497	104807206	101571554	2.11971	23.173	22.5593	5.38432	3.08724	46.6023
/home/e1garcia/shotgun_PIRE/pire_ssl_data_processing/sphaeramia_nematoptera/fq_raw_shotgun/Sne-CTaw_051_Ex13H_L3_2.fq.gz	190217239	186185181	143040464	110771497	104850303	101571554	2.11971	23.173	22.5593	5.34541	3.12708	46.6023
