file	#reads_raw	#reads_fp1	#reads_clmp	#reads_fp2	#reads_fqscrn	#reads_repr	%_readLoss_fp1	%_readLoss_clmp	%_readLoss_fp2	%_readLoss_fqscrn	%_readLoss_repr	%_total_readLoss
TzC0402E_CKDL210013395-1a-5UDI301-AK7549_HF33GDSX2_L4_1.fq.gz	157497702	151202765	95508673	85250843	82319130	80028290	3.99684	36.834	10.7402	3.43893	2.78288	49.1876
TzC0402E_CKDL210013395-1a-5UDI301-AK7549_HF33GDSX2_L4_2.fq.gz	157497702	151202765	95508673	85250843	82379707	80028290	3.99684	36.834	10.7402	3.36787	2.85436	49.1876
TzC0402F_CKDL210013395-1a-AK7758-GD07_HF33GDSX2_L4_1.fq.gz	212086924	205731733	61478124	49152554	46987676	45256683	2.9965	70.1173	20.0487	4.40441	3.68393	78.6613
TzC0402F_CKDL210013395-1a-AK7758-GD07_HF33GDSX2_L4_2.fq.gz	212086924	205731733	61478124	49152554	46944352	45256683	2.9965	70.1173	20.0487	4.49255	3.59504	78.6613
TzC0402G_CKDL210013395-1a-AK7078-AK845_HF33GDSX2_L4_1.fq.gz	172628239	163284509	105222169	93900977	90760139	88334850	5.41263	35.559	10.7593	3.34484	2.6722	48.8294
TzC0402G_CKDL210013395-1a-AK7078-AK845_HF33GDSX2_L4_2.fq.gz	172628239	163284509	105222169	93900977	90830405	88334850	5.41263	35.559	10.7593	3.27001	2.74749	48.8294
