file	#reads_raw	#reads_fp1	#reads_clmp	#reads_fp2	#reads_fqscrn	#reads_repr	%_readLoss_fp1	%_readLoss_clmp	%_readLoss_fp2	%_readLoss_fqscrn	%_readLoss_repr	%_total_readLoss
SgC0072B_CKDL210013395-1a-5UDI294-AK7096_HF33GDSX2_L4_1.fq.gz	215188791	197003858	123906551	102837621	92785608	86365309	8.45069	37.1045	17.0039	9.77465	6.9195	59.8653
SgC0072B_CKDL210013395-1a-5UDI294-AK7096_HF33GDSX2_L4_2.fq.gz	215188791	197003858	123906551	102837621	93450434	86365309	8.45069	37.1045	17.0039	9.12816	7.58169	59.8653
SgC0072C_CKDL210013395-1a-AK9146-7UDI286_HF33GDSX2_L4_1.fq.gz	190069693	171121330	127331882	108989438	100003346	94186726	9.96917	25.5897	14.4052	8.24492	5.81643	50.4462
SgC0072C_CKDL210013395-1a-AK9146-7UDI286_HF33GDSX2_L4_2.fq.gz	190069693	171121330	127331882	108989438	100519063	94186726	9.96917	25.5897	14.4052	7.77174	6.29964	50.4462
SgC0072D_CKDL210013395-1a-AK5577-AK7533_HF33GDSX2_L4_1.fq.gz	227509678	207000688	133237270	111678048	101200547	94469146	9.01456	35.6344	16.1811	9.38188	6.65155	58.4769
SgC0072D_CKDL210013395-1a-AK5577-AK7533_HF33GDSX2_L4_2.fq.gz	227509678	207000688	133237270	111678048	101861370	94469146	9.01456	35.6344	16.1811	8.79016	7.25714	58.4769
