file	#reads_raw	#reads_fp1	#reads_clmp	#reads_fp2	#reads_fqscrn	#reads_repr	%_readLoss_fp1	%_readLoss_clmp	%_readLoss_fp2	%_readLoss_fqscrn	%_readLoss_repr	%_total_readLoss
GyC0881D_CKDL210018111-1a-AK9143-AK7533_HH72GDSX2_L1_1.fq.gz	129546871	105578801	95151297	78746646	76154788	74355046	18.5015	9.87651	17.2406	3.29139	2.36327	42.6037
GyC0881D_CKDL210018111-1a-AK9143-AK7533_HH72GDSX2_L1_2.fq.gz	129546871	105578801	95151297	78746646	76253556	74355046	18.5015	9.87651	17.2406	3.16596	2.48973	42.6037
GyC0881E_CKDL210018111-1a-5UDI225-AK7549_HH72GDSX2_L1_1.fq.gz	105699128	86791776	77598796	66268142	64161597	62630642	17.8879	10.592	14.6016	3.17882	2.38609	40.7463
GyC0881E_CKDL210018111-1a-5UDI225-AK7549_HH72GDSX2_L1_2.fq.gz	105699128	86791776	77598796	66268142	64243961	62630642	17.8879	10.592	14.6016	3.05453	2.51124	40.7463
