file 	#reads_raw	#reads_fp1	#reads_clmp	#reads_fp2	#reads_fqscrn	#reads_repr	%_readLoss_fp1	%_readLoss_clmp	%_readLoss_fp2	%_readLoss_fqscrn	%_readLoss_repr	%_total_readLoss
Eps-CBai_043_Ex1-1B_L4_1.fq.gz	218012206	206989151	174525375	113213336	96456789	90184401	5.05616	15.6838	35.1307	14.8009	6.5028	58.6333
Eps-CBai_043_Ex1-1B_L4_2.fq.gz	218012206	206989151	174525375	113213336	96739995	90184401	5.05616	15.6838	35.1307	14.5507	6.77651	58.6333
Eps-CBai_043_Ex1-2A_L4_1.fq.gz	240148768	230066438	191621285	134867950	118582964	111354655	4.19837	16.7105	29.6174	12.0748	6.09557	53.631
Eps-CBai_043_Ex1-2A_L4_2.fq.gz	240148768	230066438	191621285	134867950	118849459	111354655	4.19837	16.7105	29.6174	11.8772	6.30613	53.631
Eps-CBai_043_Ex1-2H_L4_1.fq.gz	278974147	266447628	223129289	137910210	117547874	110467892	4.49021	16.2577	38.1927	14.7649	6.02306	60.4021
Eps-CBai_043_Ex1-2H_L4_2.fq.gz	278974147	266447628	223129289	137910210	117767503	110467892	4.49021	16.2577	38.1927	14.6057	6.19832	60.4021
