file	#reads_raw	#reads_fp1	#reads_clmp	#reads_fp2	#reads_fqscrn	#reads_repr	%_readLoss_fp1	%_readLoss_clmp	%_readLoss_fp2	%_readLoss_fqscrn	%_readLoss_repr	%_total_readLoss
HmC0451A_CKDL210018111-1a-5UDI301-7UDI304_HH72GDSX2_L1_1.fq.gz	189219510	147838971	132092367	113208100	109504807	106907823	21.8691	10.6512	14.2963	3.27123	2.37157	43.5006
HmC0451A_CKDL210018111-1a-5UDI301-7UDI304_HH72GDSX2_L1_2.fq.gz	189219510	147838971	132092367	113208100	109732094	106907823	21.8691	10.6512	14.2963	3.07046	2.57379	43.5006
