file	#reads_raw	#reads_fp1	#reads_clmp	#reads_fp2	#reads_fqscrn	#reads_repr	%_readLoss_fp1	%_readLoss_clmp	%_readLoss_fp2	%_readLoss_fqscrn	%_readLoss_repr	%_total_readLoss
HmC0451A_CKDL210018111-1a-5UDI301-7UDI304_HH72GDSX2_L1_1.fq.gz	189219510	137824461	122305307	101181369	97465258	95043252	27.1616	11.2601	17.2715	3.67272	2.48499	49.7709
HmC0451B_CKDL210018111-1a-AK7758-AK7096_HH72GDSX2_L1_1.fq.gz	184666541	137824461	122305307	101181369	97657961	95043252	25.3658	11.2601	17.2715	3.48227	2.67742	48.5325
HmC0451B_CKDL210018111-1a-AK7758-AK7096_HH72GDSX2_L1_2.fq.gz	184666541	197109413	173140439	144219193	139172943	135855124	-6.73802	12.1602	16.7039	3.49901	2.38395	26.4322
HmC0451C_CKDL210018111-1a-AK7078-7UDI286_HH72GDSX2_L1_1.fq.gz	286547543	197109413	173140439	144219193	139463049	135855124	31.2123	12.1602	16.7039	3.29786	2.58701	52.589
