file	#reads_raw	#reads_fp1	#reads_clmp	#reads_fp2	#reads_fqscrn	#reads_repr	%_readLoss_fp1	%_readLoss_clmp	%_readLoss_fp2	%_readLoss_fqscrn	%_readLoss_repr	%_total_readLoss
HqC0021A_CKDL210013395-1a-5UDI301-7UDI304_HF33GDSX2_L4_1.fq.gz	184203085	154890969	129194432	106158547	90989679	81457168	15.9129	16.5901	17.8304	14.2889	10.4765	55.7786
HqC0021A_CKDL210013395-1a-5UDI301-7UDI304_HF33GDSX2_L4_2.fq.gz	184203085	154890969	129194432	106158547	91518271	81457168	15.9129	16.5901	17.8304	13.791	10.9935	55.7786
HqC0021B_CKDL210013395-1a-AK7758-AK7099_HF33GDSX2_L4_1.fq.gz	249784293	220768249	159983449	130169598	110884869	98551654	11.6164	27.5333	18.6356	14.8151	11.1225	60.5453
HqC0021B_CKDL210013395-1a-AK7758-AK7099_HF33GDSX2_L4_2.fq.gz	249784293	220768249	159983449	130169598	111514033	98551654	11.6164	27.5333	18.6356	14.3317	11.624	60.5453
HqC0021C_CKDL210013395-1a-AK7078-AK7096_HF33GDSX2_L4_1.fq.gz	209869078	189190217	145823500	119725417	102675576	91621716	9.85322	22.9223	17.897	14.2408	10.7658	56.3434
HqC0021C_CKDL210013395-1a-AK7078-AK7096_HF33GDSX2_L4_2.fq.gz	209869078	189190217	145823500	119725417	103336308	91621716	9.85322	22.9223	17.897	13.6889	11.3364	56.3434
