file	#reads_raw	#reads_fp1	#reads_clmp	#reads_fp2	#reads_fqscrn	#reads_repr	%_readLoss_fp1	%_readLoss_clmp	%_readLoss_fp2	%_readLoss_fqscrn	%_readLoss_repr	%_total_readLoss
Abu-CPnd_051_Ex1-9C-ssl.1.fq.gz	31959035	30753957	25442767	21162760	19686642	18890277	3.7707	17.2699	16.8221	6.97507	4.0452	40.8922
Abu-CPnd_051_Ex1-9C-ssl.2.fq.gz	31959035	30753957	25442767	21162760	19741354	18890277	3.7707	17.2699	16.8221	6.71654	4.31114	40.8922
Abu-CPnd_051_Ex1-9D-ssl.1.fq.gz	56275326	54223365	44949018	37389398	34777333	33364854	3.64629	17.104	16.8182	6.98611	4.06149	40.7114
Abu-CPnd_051_Ex1-9D-ssl.2.fq.gz	56275326	54223365	44949018	37389398	34867977	33364854	3.64629	17.104	16.8182	6.74368	4.3109	40.7114
Abu-CPnd_051_Ex1-9E-ssl.1.fq.gz	46897886	44856486	36664582	30355464	28293408	27167350	4.35286	18.2625	17.2077	6.79303	3.97993	42.0713
Abu-CPnd_051_Ex1-9E-ssl.2.fq.gz	46897886	44856486	36664582	30355464	28363654	27167350	4.35286	18.2625	17.2077	6.56162	4.21774	42.0713
