file 	#reads_raw	#reads_fp1	#reads_clmp	#reads_fp2	#reads_fqscrn	#reads_repr	%_readLoss_fp1	%_readLoss_clmp	%_readLoss_fp2	%_readLoss_fqscrn	%_readLoss_repr	%_total_readLoss
./fq_raw_shotgun/Pba-CTat_001_Ex1-1E_L4_1.fq.gz	98422457	96650036	81814235	67317959	64158286	62533138	1.80083	15.35	17.7185	4.69366	2.53303	36.4646
./fq_raw_shotgun/Pba-CTat_001_Ex1-1E_L4_2.fq.gz	98422457	96650036	81814235	67317959	64229304	62533138	1.80083	15.35	17.7185	4.58816	2.6408	36.4646
./fq_raw_shotgun/Pba-CTat_001_Ex1-2D_L4_1.fq.gz	201044822	197027444	166948173	129005980	121998662	118831871	1.99825	15.2665	22.7269	5.43178	2.59576	40.8928
./fq_raw_shotgun/Pba-CTat_001_Ex1-2D_L4_2.fq.gz	201044822	197027444	166948173	129005980	122068809	118831871	1.99825	15.2665	22.7269	5.3774	2.65173	40.8928
./fq_raw_shotgun/Pba-CTat_001_Ex1-3C_L4_1.fq.gz	146277214	143509952	116981548	98726442	94181841	91631801	1.89179	18.4854	15.6051	4.60323	2.70757	37.3574
./fq_raw_shotgun/Pba-CTat_001_Ex1-3C_L4_2.fq.gz	146277214	143509952	116981548	98726442	94225049	91631801	1.89179	18.4854	15.6051	4.55946	2.75219	37.3574
