file 	#reads_raw	#reads_fp1	#reads_clmp	#reads_fp2	#reads_fqscrn	#reads_repr	%_readLoss_fp1	%_readLoss_clmp	%_readLoss_fp2	%_readLoss_fqscrn	%_readLoss_repr	%_total_readLoss
Sob-CKal_018_Ex2-9F-ssl_L2_1.fq.gz	38719427	36206501	30318239	22634127	20834152	19851666	6.49009	16.263	25.3448	7.95248	4.71575	48.7294
Sob-CKal_018_Ex2-9F-ssl_L2_2.fq.gz	38719427	36206501	30318239	22634127	20891135	19851666	6.49009	16.263	25.3448	7.70073	4.97565	48.7294
Sob-CKal_018_Ex2-9G-ssl_L2_1.fq.gz	42448019	39839010	33105746	26043614	24032025	22904519	6.14636	16.9012	21.332	7.72392	4.69168	46.041
Sob-CKal_018_Ex2-9G-ssl_L2_2.fq.gz	42448019	39839010	33105746	26043614	24116416	22904519	6.14636	16.9012	21.332	7.39989	5.0252	46.041
Sob-CKal_018_Ex2-9H-ssl_L2_1.fq.gz	36707197	34272484	28750004	22415023	20617422	19623621	6.63279	16.1135	22.0347	8.01963	4.8202	46.5401
Sob-CKal_018_Ex2-9H-ssl_L2_2.fq.gz	36707197	34272484	28750004	22415023	20683386	19623621	6.63279	16.1135	22.0347	7.72534	5.12375	46.5401
